mode,loss,critical,seed,sent,received,critical_expected,critical_received,dropped_segments,dropped_bytes,dropped_critical,dropped_noncritical,retx_bytes,retx_critical,retx_noncritical,skip_bytes,skip_controls,critical_completion_ms,last_delivery_ms,critical_goodput_mbps,delivered_goodput_mbps,unexpected,valid
baseline,0.030000,25,1,48000,48000,12000,12000,5,1728,400,1328,2392,400,1992,0,0,99.400000,99.400000,0.965795,3.863179,0,1
selective,0.030000,25,1,48000,46672,12000,12000,5,1728,400,1328,400,400,0,1992,6,98.499200,98.499200,0.974627,3.790650,0,1
baseline,0.030000,25,2,48000,48000,12000,12000,3,1472,400,1072,1472,400,1072,0,0,103.484800,104.574400,0.927672,3.672027,0,1
selective,0.030000,25,2,48000,46928,12000,12000,3,1472,400,1072,400,400,0,1072,2,101.276800,102.512000,0.947897,3.662244,0,1
baseline,0.030000,25,3,48000,48000,12000,12000,2,1072,0,1072,1072,0,1072,0,0,97.782400,97.782400,0.981772,3.927087,0,1
selective,0.030000,25,3,48000,46928,12000,12000,2,1072,0,1072,0,0,0,1072,2,97.353600,97.353600,0.986096,3.856293,0,1
baseline,0.030000,50,1,48000,48000,24000,24000,1,400,400,0,400,400,0,0,0,84.337600,84.700800,2.276565,4.533605,0,1
selective,0.030000,50,1,48000,48000,24000,24000,1,400,400,0,400,400,0,0,0,84.337600,84.700800,2.276565,4.533605,0,1
baseline,0.030000,50,2,48000,48000,24000,24000,4,1600,800,800,1600,800,800,0,0,104.387200,104.750400,1.839306,3.665857,0,1
selective,0.030000,50,2,48000,47200,24000,24000,4,1600,800,800,800,800,0,800,2,102.984000,103.347200,1.864367,3.653703,0,1
baseline,0.030000,50,3,48000,48000,24000,24000,5,2000,1600,400,2800,2400,400,0,0,99.315200,99.315200,1.933239,3.866478,0,1
selective,0.030000,50,3,48000,47600,24000,24000,5,2000,1600,400,2400,2400,0,400,1,99.315200,99.315200,1.933239,3.834257,0,1
baseline,0.030000,75,1,48000,48000,36000,36000,4,1328,1328,0,1584,1584,0,0,0,98.334400,98.334400,2.928782,3.905042,0,1
selective,0.030000,75,1,48000,48000,36000,36000,4,1328,1328,0,1584,1584,0,0,0,98.334400,98.334400,2.928782,3.905042,0,1
baseline,0.030000,75,2,48000,48000,36000,36000,6,2128,1328,800,2256,1456,800,0,0,159.166400,159.166400,1.809427,2.412569,0,1
selective,0.030000,75,2,48000,47200,36000,36000,6,2128,1328,800,1456,1456,0,800,2,156.158400,156.158400,1.844281,2.418058,0,1
baseline,0.030000,75,3,48000,48000,36000,36000,6,3080,2680,400,3080,2680,400,0,0,100.548800,100.548800,2.864281,3.819041,0,1
selective,0.030000,75,3,48000,47600,36000,36000,6,3080,2680,400,2680,2680,0,400,1,100.548800,100.548800,2.864281,3.787216,0,1
baseline,0.060000,25,1,48000,48000,12000,12000,5,1728,400,1328,2392,400,1992,0,0,99.400000,99.400000,0.965795,3.863179,0,1
selective,0.060000,25,1,48000,46672,12000,12000,5,1728,400,1328,400,400,0,1992,6,98.499200,98.499200,0.974627,3.790650,0,1
baseline,0.060000,25,2,48000,48000,12000,12000,5,2136,400,1736,2136,400,1736,0,0,142.385600,156.776000,0.674225,2.449354,0,1
selective,0.060000,25,2,48000,46264,12000,12000,5,2136,400,1736,400,400,0,1736,4,139.464000,140.590400,0.688350,2.632555,0,1
baseline,0.060000,25,3,48000,48000,12000,12000,4,1872,800,1072,2272,1200,1072,0,0,98.152000,98.152000,0.978075,3.912299,0,1
selective,0.060000,25,3,48000,46928,12000,12000,4,1872,800,1072,1200,1200,0,1072,2,97.723200,97.723200,0.982367,3.841708,0,1
baseline,0.060000,50,1,48000,48000,24000,24000,1,400,400,0,400,400,0,0,0,84.337600,84.700800,2.276565,4.533605,0,1
selective,0.060000,50,1,48000,48000,24000,24000,1,400,400,0,400,400,0,0,0,84.337600,84.700800,2.276565,4.533605,0,1
baseline,0.060000,50,2,48000,48000,24000,24000,6,2400,1200,1200,2400,1200,1200,0,0,138.681600,139.044800,1.384466,2.761700,0,1
selective,0.060000,50,2,48000,46800,24000,24000,6,2400,1200,1200,1200,1200,0,1200,3,137.228800,137.592000,1.399123,2.721088,0,1
baseline,0.060000,50,3,48000,48000,24000,24000,8,3200,2800,400,4400,4000,400,0,0,99.678400,99.678400,1.926195,3.852389,0,1
selective,0.060000,50,3,48000,47600,24000,24000,8,3200,2800,400,4000,4000,0,400,1,99.678400,99.678400,1.926195,3.820286,0,1
baseline,0.060000,75,1,48000,48000,36000,36000,9,3600,3600,0,4264,4264,0,0,0,121.272000,121.272000,2.374827,3.166436,0,1
selective,0.060000,75,1,48000,48000,36000,36000,9,3600,3600,0,4264,4264,0,0,0,121.272000,121.272000,2.374827,3.166436,0,1
baseline,0.060000,75,2,48000,48000,36000,36000,11,4672,3472,1200,4672,3472,1200,0,0,178.539200,178.539200,1.613091,2.150788,0,1
selective,0.060000,75,2,48000,46800,36000,36000,11,4672,3472,1200,3600,3600,0,1200,3,177.123200,177.123200,1.625987,2.113783,0,1
baseline,0.060000,75,3,48000,48000,36000,36000,9,4688,4288,400,4688,4288,400,0,0,103.600000,103.600000,2.779923,3.706564,0,1
selective,0.060000,75,3,48000,47600,36000,36000,9,4688,4288,400,4288,4288,0,400,1,103.600000,103.600000,2.779923,3.675676,0,1
