mode,repeat,sent,received,completion_ms,wall_ms,valid
stock,1,8000000,8000000,724.69376,624.0344326943159,1
modified_off,1,8000000,8000000,724.69376,625.1999195665121,1
modified_off,2,8000000,8000000,724.69376,609.931530430913,1
stock,2,8000000,8000000,724.69376,600.9846841916442,1
stock,3,8000000,8000000,724.69376,604.3131174519658,1
modified_off,3,8000000,8000000,724.69376,607.0486707612872,1
modified_off,4,8000000,8000000,724.69376,597.9034760966897,1
stock,4,8000000,8000000,724.69376,619.0214846283197,1
stock,5,8000000,8000000,724.69376,617.5914211198688,1
modified_off,5,8000000,8000000,724.69376,625.0482145696878,1
modified_off,6,8000000,8000000,724.69376,630.0955014303327,1
stock,6,8000000,8000000,724.69376,622.3031999543309,1
stock,7,8000000,8000000,724.69376,608.8115889579058,1
modified_off,7,8000000,8000000,724.69376,607.998963445425,1
modified_off,8,8000000,8000000,724.69376,613.2742194458842,1
stock,8,8000000,8000000,724.69376,608.6825057864189,1
stock,9,8000000,8000000,724.69376,605.0798520445824,1
modified_off,9,8000000,8000000,724.69376,627.2810380905867,1
modified_off,10,8000000,8000000,724.69376,628.1506614759564,1
stock,10,8000000,8000000,724.69376,601.3718899339437,1
stock,11,8000000,8000000,724.69376,622.3489362746477,1
modified_off,11,8000000,8000000,724.69376,622.2768286243081,1
modified_off,12,8000000,8000000,724.69376,608.0795144662261,1
stock,12,8000000,8000000,724.69376,615.5541921034455,1
stock,13,8000000,8000000,724.69376,601.8287865445018,1
modified_off,13,8000000,8000000,724.69376,608.8485419750214,1
modified_off,14,8000000,8000000,724.69376,622.182878665626,1
stock,14,8000000,8000000,724.69376,620.0777711346745,1
stock,15,8000000,8000000,724.69376,608.3256099373102,1
modified_off,15,8000000,8000000,724.69376,601.1210521683097,1
modified_off,16,8000000,8000000,724.69376,608.4921779111028,1
stock,16,8000000,8000000,724.69376,604.2688637971878,1
stock,17,8000000,8000000,724.69376,600.4060646519065,1
modified_off,17,8000000,8000000,724.69376,612.2347917407751,1
modified_off,18,8000000,8000000,724.69376,625.2441368997097,1
stock,18,8000000,8000000,724.69376,627.1056132391095,1
stock,19,8000000,8000000,724.69376,598.9159224554896,1
modified_off,19,8000000,8000000,724.69376,617.8247500211,1
modified_off,20,8000000,8000000,724.69376,629.4633746147156,1
stock,20,8000000,8000000,724.69376,620.5219700932503,1
